PITCHERS_GENDER,Total_Pitches,Deals_Received,Success_Rate (%)
Female,385,243.0,63.116883116883116
Male,773,449.0,58.08538163001293
Mixed Team,276,182.0,65.94202898550725
